{"cameraMode":{"drawMode":0,"name":"Shaded","section":"Shading Mode"},"sceneLighting":true,"audioPlay":false,"sceneViewState":{"m_AlwaysRefresh":false,"showFog":true,"showSkybox":true,"showFlares":true,"showImageEffects":true,"showParticleSystems":true,"showVisualEffectGraphs":true,"m_FxEnabled":true},"in2DMode":false,"pivot":{"x":14.426549911499024,"y":-5.110299587249756,"z":-44.82712936401367},"rotation":{"x":0.013611809350550175,"y":0.9794754981994629,"z":-0.07064291834831238,"w":0.18855933845043183},"size":23.56156349182129,"orthographic":false}