{"cameraMode":{"drawMode":0,"name":"Shaded","section":"Shading Mode"},"sceneLighting":true,"audioPlay":false,"sceneViewState":{"m_AlwaysRefresh":false,"showFog":true,"showSkybox":true,"showFlares":true,"showImageEffects":true,"showParticleSystems":true,"showVisualEffectGraphs":true,"m_FxEnabled":true},"in2DMode":false,"pivot":{"x":-19.542213439941408,"y":-16.943761825561525,"z":-39.67301559448242},"rotation":{"x":-0.04617328941822052,"y":0.9536020755767822,"z":-0.19877564907073975,"w":-0.22158902883529664},"size":28.024492263793947,"orthographic":false}